Date,Gold Price ($/oz),"5-Year, 5-Year Forward Inflation Expectation Rate, Percent, Daily, Not Seasonally Adjusted",TED Spread (3 months libor - Treasury),10 year treasury yield,Inflation expectations - Treasury yield,"M2 Money Stock, Billions of Dollars, Average Monthly, Seasonally Adjusted","Trade Weighted U.S. Dollar Index: Advanced Foreign Economies, Goods and Services","Spot Crude Oil Price: West Texas Intermediate (WTI), Dollars per Barrel, Monthly, Not Seasonally Adjusted",Three_Component_Index US Policy index,"5-Year Breakeven Inflation Rate, Percent, Monthly, Not Seasonally Adjusted",Gold holdings by ETFs (in Tonnes),Month on month change in holdings,Net long Positions in Gold on CTO,,Fitted Gold Price,Change in fitted price,Change in actual price,Succcess rate,Actual - fitted,Percent rank,Center adjustment,+1.4SD,+0.7SD,Upper limit,-1.4SD,-0.7SD,Lower limit,Highly overvalued,Deeply undervalued,Next 1 month return,Next 2 month return,
31-01-2003,,2.13,0.19,4.00,-1.87,5790.025,99.91,32.94,139.0,1.40,,,,,,,,,,,,,,,,,,,,,,
28-02-2003,,2.13,0.16,3.71,-1.58,5824.875,99.71,35.87,126.7,1.66,,,,,,,,,,,,,,,,,,,,,,
31-03-2003,334.85,1.95,0.16,3.83,-1.88,5846.92,99.15,33.55,163.5,1.69,8.228,,,,,,,,,,,,,,,,,,,,,
30-04-2003,336.75,2.01,0.2,3.89,-1.88,5882.15,96.7,28.25,135.6,1.57,10.010,1.782,,,,,,,,,,,,,,,,,,,,
31-05-2003,361.40,1.94,0.19,3.37,-1.43,5944.925,93.27,28.14,102.6,1.34,11.689,1.679,,,,,,,,,,,,,,,,,,,,
30-06-2003,346.00,1.83,0.23,3.54,-1.71,5979.52,94.3,30.72,95.8,1.36,12.205,0.517,,,,,,,,,,,,,,,,,,,,
31-07-2003,354.75,2.41,0.17,4.49,-2.08,6025.125,96.66,30.76,91.7,1.57,12.827,0.622,,,,,,,,,,,,,,,,,,,,
31-08-2003,375.60,2.33,0.18,4.45,-2.12,6087.35,98.95,31.59,95.7,1.89,13.352,0.525,,,,,,,,,,,,,,,,,,,,
30-09-2003,388.00,2.16,0.23,3.96,-1.80,6064.98,92.39,28.29,106.1,1.89,15.428,2.075,,,,,,,,,,,,,,,,,,,,
31-10-2003,386.25,2.74,0.23,4.33,-1.59,6051.625,92.73,30.33,88.0,1.98,16.591,1.164,,,,,,,,,,,,,,,,,,,,
30-11-2003,398.35,2.6,0.26,4.34,-1.74,6053.325,90.21,31.09,84.9,2.02,17.355,0.764,,,,,,,,,,,,,,,,,,,,
31-12-2003,416.25,2.51,0.22,4.27,-1.76,6055.44,86.92,32.15,91.7,2.04,42.470,25.115,,,,,,,,,,,,,,,,,,,,
31-01-2004,399.75,2.46,0.23,4.16,-1.70,6058.075,87.2,34.27,96.6,2.03,43.203,0.734,,,,,,,,,,,,,,,,,,,,
29-02-2004,395.85,2.38,0.18,3.99,-1.61,6095.15,87.52,34.74,99.5,2.21,45.305,2.101,,,,,,,,,,,,,,,,,,,,
31-03-2004,423.70,2.47,0.18,3.86,-1.39,6132.6,87.21,36.76,96.8,2.27,59.181,13.876,,,,,,,,,,,,,,,,,,,,
30-04-2004,388.50,2.5,0.22,4.53,-2.03,6170.325,90.48,36.69,94.1,2.37,81.539,22.358,,,,,,,,,,,,,,,,,,,,
29-05-2004,393.25,2.47,0.25,4.66,-2.19,6251.74,88.88,40.28,92.3,2.51,63.483,-18.056,,,,,,,,,,,,,,,,,,,,
30-06-2004,395.80,2.61,0.3,4.62,-2.01,6257.35,88.79,38.02,85.3,2.52,59.989,-3.494,,,,,,,,,,,,,,,,,,,,
31-07-2004,391.40,2.57,0.28,4.50,-1.93,6268.025,89.96,40.69,87.5,2.40,59.650,-0.340,,,,,,,,,,,,,,,,,,,,
31-08-2004,407.25,2.43,0.23,4.13,-1.70,6294.58,88.87,44.94,85.9,2.35,57.567,-2.082,,,,,,,,,,,,,,,,,,,,
30-09-2004,415.65,2.41,0.34,4.14,-1.73,6329.9,87.63,45.95,100.0,2.26,58.186,0.618,,,,,,,,,,,,,,,,,,,,
31-10-2004,425.55,2.35,0.3,4.05,-1.70,6353.225,85.2,53.13,105.7,2.38,68.802,10.616,,,,,,,,,,,,,,,,,,,,
30-11-2004,453.40,2.46,0.22,4.36,-1.90,6385.42,81.82,48.46,95.2,2.63,171.556,102.754,,,,,,,,,,,,,,,,,,,,
31-12-2004,438.00,2.48,0.38,4.24,-1.76,6406.975,81.82,43.33,77.6,2.68,167.909,-3.647,,,,,,,,,,,,,,,,,,,,
31-01-2005,422.15,2.4,0.27,4.14,-1.74,6394.2,83.45,46.84,73.9,2.58,224.026,56.116,,,,,,,,,,,,,,,,,,,,
28-02-2005,435.45,2.5,0.2,4.36,-1.86,6419.575,82.77,47.97,59.0,2.69,271.361,47.335,,,,,,,,,,,,,,,,,,,,
31-03-2005,427.50,2.55,0.39,4.50,-1.95,6427.725,84.43,54.31,57.6,2.88,256.407,-14.954,,,,,,,,,,,,,,,,,,,,
30-04-2005,435.70,2.47,0.37,4.21,-1.74,6440.375,84.43,53.04,74.6,2.77,260.287,3.880,,,,,,,,,,,,,,,,,,,,
31-05-2005,414.45,2.27,0.41,4.00,-1.73,6458.38,88.11,49.83,70.5,2.57,259.064,-1.223,,,,,,,,,,,,,,,,,,,,
30-06-2005,437.10,2.23,0.46,3.94,-1.71,6490.35,90.13,56.26,74.6,2.38,264.912,5.848,,,,,,,,,,,,,,,,,,,,
31-07-2005,429.00,2.4,0.36,4.28,-1.88,6516.175,88.8,58.7,68.7,2.31,279.649,14.737,,,,,,,,,,,,,,,,,,,,
31-08-2005,433.25,2.3,0.43,4.02,-1.72,6554.42,86.55,64.97,64.4,2.41,286.652,7.003,,,,,,,,,,,,,,,,,,,,
30-09-2005,473.25,2.4,0.6,4.34,-1.94,6587.55,89.52,65.57,91.4,2.61,301.967,15.315,,,,,,,,,,,,,,,,,,,,
31-10-2005,470.75,2.5,0.37,4.57,-2.07,6622.36,90.08,62.37,76.2,2.63,311.648,9.681,,,,,,,,,,,,,,,,,,,,
30-11-2005,495.65,2.39,0.56,4.49,-2.10,6640.425,91.57,58.3,72.2,2.48,337.795,26.147,,,,,,,,,,,,,,,,,,,,
31-12-2005,513.00,2.36,0.55,4.39,-2.03,6664.2,91.57,59.43,78.0,2.30,386.810,49.016,,,,,,,,,,,,,,,,,,,,
31-01-2006,568.75,2.48,0.31,4.53,-2.05,6706.46,89.5100,65.51,79.2,2.42,467.537,80.727,,,581.3019446,,,,-12.55,0.342,-0.158,0.40718368,0.203378772,0.6,-0.408035952,-0.204231044,-0.6,0,0,-2.2%,2.3%,1
28-02-2006,556.00,2.38,0.31,4.55,-2.17,6733.45,90.2200,61.63,72.7,2.59,488.757,21.220,,,580.9708859,-0.331058692,-12.75,1.00,-24.97,0.285,-0.215,0.40718368,0.203378772,0.6,-0.408035952,-0.204231044,-0.6,0,1,4.7%,15.8%,0
31-03-2006,582.00,2.44,0.48,4.86,-2.42,6748.35,89.7300,62.9,64.2,2.63,498.702,9.945,,,565.7387357,-15.23215016,26.00,0.00,16.26,0.531,0.031,0.40718368,0.203378772,0.6,-0.408035952,-0.204231044,-0.6,0,0,10.7%,12.2%,0
30-04-2006,644.00,2.69,0.48,5.07,-2.38,6780.125,85.7900,69.69,79.8,2.64,524.177,25.475,,,583.3339264,17.59519066,62.00,1.00,60.67,0.771,0.271,0.40718368,0.203378772,0.6,-0.408035952,-0.204231044,-0.6,1,0,1.4%,-4.7%,0
31-05-2006,653.00,2.6,0.5,5.12,-2.52,6792.64,84.7900,70.94,70.8,2.70,516.984,-7.194,,,582.2456635,-1.088262946,9.00,0.00,70.75,0.794,0.294,0.40718368,0.203378772,0.6,-0.408035952,-0.204231044,-0.6,1,0,-6.0%,-3.1%,1
30-06-2006,613.50,2.59,0.61,5.15,-2.56,6826.65,85.2200,70.96,79.5,2.62,547.520,30.536,,,587.0725981,4.826934654,-39.50,0.00,26.43,0.617,0.117,0.40718368,0.203378772,0.6,-0.408035952,-0.204231044,-0.6,0,0,3.1%,1.6%,0
31-07-2006,632.50,2.62,0.5,4.99,-2.37,6869.88,85.0500,74.41,80.6,2.58,561.848,14.328,,,606.7777026,19.70510446,19.00,1.00,25.72,0.605,0.105,0.40718368,0.203378772,0.6,-0.408035952,-0.204231044,-0.6,0,0,-1.4%,-5.3%,1
31-08-2006,623.50,2.56,0.48,4.74,-2.18,6901.25,84.9400,73.05,72.8,2.55,569.870,8.021,,,626.7287355,19.95103292,-9.00,0.00,-3.23,0.388,-0.112,0.40718368,0.203378772,0.6,-0.408035952,-0.204231044,-0.6,0,0,-3.9%,-3.2%,1
30-09-2006,599.25,2.49,0.6,4.64,-2.15,6926.525,85.9700,63.87,67.1,2.29,564.806,-5.064,,,622.5107844,-4.217951079,-24.25,1.00,-23.26,0.291,-0.209,0.40718368,0.203378772,0.6,-0.408035952,-0.204231044,-0.6,0,1,0.8%,7.9%,0
31-10-2006,603.75,2.44,0.42,4.61,-2.17,6974.58,85.3200,58.88,63.5,2.18,571.729,6.923,,,625.1803068,2.669522359,4.50,1.00,-21.43,0.297,-0.203,0.40718368,0.203378772,0.6,-0.408035952,-0.204231044,-0.6,0,0,7.1%,4.7%,0
30-11-2006,646.70,2.36,0.47,4.46,-2.10,7011.65,82.9200,59.37,62.5,2.17,632.366,60.637,,,657.2929302,32.11262339,42.95,1.00,-10.59,0.354,-0.146,0.40718368,0.203378772,0.6,-0.408035952,-0.204231044,-0.6,0,0,-2.3%,0.6%,1
31-12-2006,632.00,2.34,0.47,4.71,-2.37,7049.225,83.2000,62.03,63.4,2.25,647.028,14.662,,,645.5145066,-11.77842353,-14.70,1.00,-13.51,0.337,-0.163,0.40718368,0.203378772,0.6,-0.408035952,-0.204231044,-0.6,0,0,2.9%,5.1%,0
31-01-2007,650.50,2.44,0.37,4.83,-2.39,7093.08,84.6300,54.57,79.0,2.28,642.056,-4.972,,,638.8847568,-6.629749851,18.50,0.00,11.62,0.474,-0.026,0.40718368,0.203378772,0.6,-0.408035952,-0.204231044,-0.6,0,0,2.1%,1.7%,0
28-02-2007,664.20,2.32,0.34,4.56,-2.24,7110.75,83.6800,59.26,57.2,2.37,676.373,34.317,,,665.0747086,26.18995182,13.70,1.00,-0.87,0.417,-0.083,0.40718368,0.203378772,0.6,-0.408035952,-0.204231044,-0.6,0,0,-0.4%,1.9%,1
31-03-2007,661.75,2.37,0.45,4.65,-2.28,7135.35,82.9300,60.56,69.9,2.44,682.550,6.177,,,664.7665365,-0.308172092,-2.45,1.00,-3.02,0.394,-0.106,0.40718368,0.203378772,0.6,-0.408035952,-0.204231044,-0.6,0,0,2.3%,-0.4%,0
30-04-2007,677.00,2.41,0.57,4.63,-2.22,7212.94,81.5900,63.97,62.5,2.47,696.764,14.214,,,677.5450905,12.778554,15.25,1.00,-0.55,0.422,-0.078,0.40718368,0.203378772,0.6,-0.408035952,-0.204231044,-0.6,0,0,-2.6%,-3.9%,1
31-05-2007,659.10,2.39,0.76,4.90,-2.51,7229.6,82.3200,63.46,74.7,2.38,676.100,-20.664,,,646.4494765,-31.095614,-17.90,1.00,12.65,0.491,-0.009,0.40718368,0.203378772,0.6,-0.408035952,-0.204231044,-0.6,0,0,-1.3%,1.0%,1
30-06-2007,650.50,2.43,0.68,5.03,-2.60,7258.325,81.9200,67.48,73.3,2.38,678.786,2.686,,,644.0436929,-2.405783613,-8.60,1.00,6.46,0.44,-0.06,0.40718368,0.203378772,0.6,-0.408035952,-0.204231044,-0.6,0,0,2.3%,3.3%,0
31-07-2007,665.50,2.51,0.54,4.78,-2.27,7292.3,80.8700,74.18,59.3,2.28,715.697,36.911,,,691.7531299,47.70943706,15.00,1.00,-26.25,0.274,-0.226,0.40718368,0.203378772,0.6,-0.408035952,-0.204231044,-0.6,0,1,1.0%,11.6%,0
31-08-2007,672.00,2.43,1.71,4.54,-2.11,7365.575,80.7900,72.39,89.1,2.04,740.778,25.081,,,682.9548214,-8.798308575,6.50,0.00,-10.95,0.348,-0.152,0.40718368,0.203378772,0.6,-0.408035952,-0.204231044,-0.6,0,0,10.6%,17.5%,0
30-09-2007,743.00,2.53,1.51,4.59,-2.06,7388.675,77.9000,79.93,100.7,2.06,816.941,76.163,,,725.4961936,42.54137219,71.00,1.00,17.50,0.542,0.042,0.40718368,0.203378772,0.6,-0.408035952,-0.204231044,-0.6,0,0,6.3%,5.5%,0
31-10-2007,789.50,2.42,1.05,4.48,-2.06,7401.32,76.5900,86.2,89.5,2.19,849.938,32.997,,,758.7187469,33.22255331,46.50,1.00,30.78,0.657,0.157,0.40718368,0.203378772,0.6,-0.408035952,-0.204231044,-0.6,0,0,-0.8%,5.6%,1
30-11-2007,783.50,2.44,2.05,3.97,-1.53,7424.475,76.1500,94.62,102.4,2.32,861.226,11.287,,,788.2189373,29.50019039,-6.00,0.00,-4.72,0.371,-0.129,0.40718368,0.203378772,0.6,-0.408035952,-0.204231044,-0.6,0,0,6.4%,17.8%,0
31-12-2007,833.75,2.35,1.41,4.04,-1.69,7456.1,75.9700,91.73,108.5,2.22,898.534,37.308,,,798.1606311,9.941693859,50.25,1.00,35.59,0.68,0.18,0.40718368,0.203378772,0.6,-0.408035952,-0.204231044,-0.6,0,0,10.7%,16.5%,0
31-01-2008,923.25,2.53,1.19,3.67,-1.14,7485.175,75.4400,92.95,145.0,2.12,924.191,25.657,205.1,,868.2339284,70.07329731,89.50,1.00,55.02,0.742,0.242,0.40718368,0.203378772,0.6,-0.408035952,-0.204231044,-0.6,1,0,5.2%,1.2%,0
29-02-2008,971.50,2.56,1.25,3.53,-0.97,7569.8,73.7100,95.35,108.1,2.13,942.767,18.576,212.3,,892.4939509,24.26002244,48.25,1.00,79.01,0.857,0.357,0.40718368,0.203378772,0.6,-0.408035952,-0.204231044,-0.6,1,0,-3.8%,-10.3%,1
31-03-2008,934.25,2.49,1.33,3.45,-0.96,7638.42,72.5600,105.56,111.7,2.25,968.111,25.344,175.7,,912.4246701,19.93071919,-37.25,0.00,21.83,0.571,0.071,0.40718368,0.203378772,0.6,-0.408035952,-0.204231044,-0.6,0,0,-6.8%,-5.2%,1
30-04-2008,871.00,2.28,1.44,3.77,-1.49,7686.025,73.2800,112.57,102.2,2.22,908.576,-59.535,167.6,,834.8762516,-77.5484185,-63.25,1.00,36.12,0.685,0.185,0.40718368,0.203378772,0.6,-0.408035952,-0.204231044,-0.6,0,0,1.7%,6.8%,0
31-05-2008,885.75,2.56,0.83,4.06,-1.50,7692.8,72.8800,125.39,94.3,2.36,923.349,14.774,191.5,,857.0584163,22.1821648,14.75,1.00,28.69,0.651,0.151,0.40718368,0.203378772,0.6,-0.408035952,-0.204231044,-0.6,0,0,5.0%,3.6%,0
30-06-2008,930.25,2.39,0.91,3.99,-1.60,7714.24,72.3700,133.93,94.6,2.52,973.129,49.780,153.5,,858.8460282,1.787611849,44.50,1.00,71.40,0.8,0.3,0.40718368,0.203378772,0.6,-0.408035952,-0.204231044,-0.6,1,0,-1.3%,-10.5%,1
31-07-2008,918.00,2.52,1.14,3.99,-1.47,7759.4,73.4200,133.44,109.8,2.46,1039.830,66.700,194.7,,889.3097417,30.46371348,-12.25,0.00,28.69,0.645,0.145,0.40718368,0.203378772,0.6,-0.408035952,-0.204231044,-0.6,0,0,-9.3%,-3.6%,1
31-08-2008,833.00,2.41,1.12,3.83,-1.42,7776.9,78.0600,116.61,95.9,1.99,1017.887,-21.942,105.3,,870.1203495,-19.18939214,-85.00,1.00,-37.12,0.205,-0.295,0.40718368,0.203378772,0.6,-0.408035952,-0.204231044,-0.6,0,1,6.2%,-12.3%,0
30-09-2008,884.50,2.23,3.15,3.85,-1.62,7831.5,79.4600,103.9,187.7,1.33,1123.340,105.452,121,,811.3790704,-58.74127913,51.50,0.00,73.12,0.811,0.311,0.40718368,0.203378772,0.6,-0.408035952,-0.204231044,-0.6,1,0,-17.4%,-7.9%,1
31-10-2008,730.75,2.73,2.59,4.01,-1.28,7951.85,85.6300,76.65,189.9,-0.02,1159.270,35.930,99.2,,843.2386236,31.85955322,-153.75,0.00,-112.49,0.068,-0.432,0.40718368,0.203378772,0.6,-0.408035952,-0.204231044,-0.6,0,1,11.5%,19.0%,0
30-11-2008,814.50,2.97,2.21,2.93,0.04,7983.025,86.5200,57.44,148.8,-1.40,1174.817,15.548,81.9,,981.5463371,138.3077135,83.75,1.00,-167.05,0,-0.5,0.40718368,0.203378772,0.6,-0.408035952,-0.204231044,-0.6,0,1,6.8%,12.9%,0
31-12-2008,869.75,0.48,1.32,2.25,-1.77,8158.72,81.5000,41.02,146.0,-0.24,1212.540,37.723,119.8,,847.7258336,-133.8205035,55.25,0.00,22.02,0.582,0.082,0.40718368,0.203378772,0.6,-0.408035952,-0.204231044,-0.6,0,0,5.7%,9.5%,0
31-01-2009,919.50,1.91,0.94,2.87,-0.96,8258.225,85.8300,41.74,171.9,0.01,1316.411,103.871,141.1,,969.2930044,121.5671708,49.75,1.00,-49.79,0.154,-0.346,0.40718368,0.203378772,0.6,-0.408035952,-0.204231044,-0.6,0,1,3.5%,-0.3%,0
28-02-2009,952.00,1.34,1,3.02,-1.68,8285.725,88.1700,39.16,187.1,0.58,1545.520,229.109,161.9,,935.8203848,-33.4726196,32.50,0.00,16.18,0.525,0.025,0.40718368,0.203378772,0.6,-0.408035952,-0.204231044,-0.6,0,0,-3.7%,-7.2%,1
31-03-2009,916.50,1.83,0.98,2.71,-0.88,8351.82,85.4200,47.98,166.9,0.59,1678.286,132.766,151.9,,1054.854644,119.0342595,-35.50,0.00,-138.35,0.045,-0.455,0.40718368,0.203378772,0.6,-0.408035952,-0.204231044,-0.6,0,1,-3.6%,6.4%,1
30-04-2009,883.25,2.12,0.88,3.16,-1.04,8355.925,84.5400,49.79,131.9,0.75,1675.977,-2.309,128.4,,1049.910383,-4.944261734,-33.25,1.00,-166.66,0.005,-0.495,0.40718368,0.203378772,0.6,-0.408035952,-0.204231044,-0.6,0,1,10.4%,5.8%,0
31-05-2009,975.50,2.24,0.52,3.47,-1.23,8413.8,79.1800,59.16,138.8,1.06,1718.062,42.086,177.3,,1074.094674,24.18429098,92.25,1.00,-98.59,0.08,-0.42,0.40718368,0.203378772,0.6,-0.408035952,-0.204231044,-0.6,0,1,-4.2%,-3.7%,1
30-06-2009,934.50,2.16,0.4,3.53,-1.37,8428.24,79.6700,69.68,130.9,1.53,1731.629,13.567,166.3,,1078.71239,4.617716308,-41.00,0.00,-144.21,0.034,-0.466,0.40718368,0.203378772,0.6,-0.408035952,-0.204231044,-0.6,0,1,0.5%,2.2%,0
31-07-2009,939.00,2.3,0.3,3.52,-1.22,8431.75,78.3500,64.09,126.3,1.28,1698.949,-32.680,173.3,,1096.968922,18.25653174,4.50,1.00,-157.97,0.011,-0.489,0.40718368,0.203378772,0.6,-0.408035952,-0.204231044,-0.6,0,1,1.8%,6.0%,0
29-08-2009,955.50,2.16,0.2,3.40,-1.24,8432.46,78.7600,71.06,152.6,1.28,1707.981,9.032,183,,1109.120866,12.1519441,16.50,1.00,-153.62,0.017,-0.483,0.40718368,0.203378772,0.6,-0.408035952,-0.204231044,-0.6,0,1,4.2%,8.8%,0
30-09-2009,995.75,2.13,0.15,3.31,-1.18,8431.225,77.1900,69.46,145.4,1.34,1774.148,66.167,236.7,,1143.539462,34.41859613,40.25,1.00,-147.79,0.028,-0.472,0.40718368,0.203378772,0.6,-0.408035952,-0.204231044,-0.6,0,1,4.4%,18.1%,0
31-10-2009,1040.00,2.39,0.23,3.41,-1.02,8454.675,76.3000,75.82,138.1,1.50,1817.132,42.984,241.8,,1180.496352,36.95689018,44.25,1.00,-140.50,0.04,-0.46,0.40718368,0.203378772,0.6,-0.408035952,-0.204231044,-0.6,0,1,13.1%,6.2%,0
30-11-2009,1175.75,2.41,0.2,3.21,-0.80,8485.68,74.7800,78.08,116.2,1.75,1863.445,46.313,262.3,,1226.591705,46.09535321,135.75,1.00,-50.84,0.148,-0.352,0.40718368,0.203378772,0.6,-0.408035952,-0.204231044,-0.6,0,1,-6.1%,-8.3%,1
31-12-2009,1104.00,2.61,0.19,3.85,-1.24,8488.2,74.7800,74.3,121.2,1.91,1858.654,-4.790,238.1,,1160.453802,-66.13790288,-71.75,1.00,-56.45,0.137,-0.363,0.40718368,0.203378772,0.6,-0.408035952,-0.204231044,-0.6,0,1,-2.3%,0.4%,1
31-01-2010,1078.50,2.75,0.17,3.63,-0.88,8440.075,79.2400,78.22,149.4,2.06,1837.125,-21.529,211.9,,1199.882174,39.42837173,-25.50,0.00,-121.38,0.057,-0.443,0.40718368,0.203378772,0.6,-0.408035952,-0.204231044,-0.6,0,1,2.8%,3.4%,0
28-02-2010,1108.25,2.43,0.12,3.61,-1.18,8489.65,80.6600,76.42,132.8,1.94,1851.483,14.358,200.6,,1153.118592,-46.76358212,29.75,0.00,-44.87,0.182,-0.318,0.40718368,0.203378772,0.6,-0.408035952,-0.204231044,-0.6,0,1,0.7%,6.4%,0
31-03-2010,1115.50,2.65,0.13,3.84,-1.19,8492,80.7800,81.24,137.5,1.87,1871.361,19.878,183.9,,1158.197527,5.078935441,7.25,1.00,-42.70,0.188,-0.312,0.40718368,0.203378772,0.6,-0.408035952,-0.204231044,-0.6,0,1,5.7%,8.2%,0
30-04-2010,1179.25,2.79,0.19,3.69,-0.90,8517.325,81.8700,84.48,137.1,1.96,1921.656,50.295,210.7,,1205.814284,47.61675617,63.75,1.00,-26.56,0.268,-0.232,0.40718368,0.203378772,0.6,-0.408035952,-0.204231044,-0.6,0,1,2.4%,5.5%,0
29-05-2010,1207.50,2.29,0.38,3.31,-1.02,8574.68,86.6400,73.84,151.1,1.77,2085.735,164.079,227.7,,1195.272034,-10.54224975,28.25,0.00,12.23,0.485,-0.015,0.40718368,0.203378772,0.6,-0.408035952,-0.204231044,-0.6,0,0,3.0%,-3.2%,0
30-06-2010,1244.00,2.1,0.35,2.97,-0.87,8598.225,84.7200,75.35,140.6,1.66,2165.038,79.304,238.6,,1230.480125,35.20809136,36.50,1.00,13.52,0.502,0.002,0.40718368,0.203378772,0.6,-0.408035952,-0.204231044,-0.6,0,0,-6.0%,0.2%,1
31-07-2010,1169.00,2.17,0.3,2.94,-0.77,8598.675,81.5400,76.37,180.0,1.42,2133.007,-32.031,188.9,,1256.989479,26.5093543,-75.00,0.00,-87.99,0.085,-0.415,0.40718368,0.203378772,0.6,-0.408035952,-0.204231044,-0.6,0,1,6.6%,11.8%,0
31-08-2010,1246.00,1.85,0.16,2.47,-0.62,8653.04,82.5200,76.82,147.3,1.34,2178.717,45.710,221.2,,1302.115796,45.12631657,77.00,1.00,-56.12,0.142,-0.358,0.40718368,0.203378772,0.6,-0.408035952,-0.204231044,-0.6,0,1,4.9%,8.1%,0
30-09-2010,1307.00,2.26,0.13,2.53,-0.27,8684.375,78.0900,75.31,182.1,1.28,2211.998,33.281,244,,1371.824162,69.70836618,61.00,1.00,-64.82,0.125,-0.375,0.40718368,0.203378772,0.6,-0.408035952,-0.204231044,-0.6,0,1,3.0%,5.9%,0
31-10-2010,1346.75,2.78,0.17,2.63,0.15,8732.15,77.3000,81.9,163.4,1.50,2214.427,2.428,239.1,,1460.230028,88.40586598,39.75,1.00,-113.48,0.062,-0.438,0.40718368,0.203378772,0.6,-0.408035952,-0.204231044,-0.6,0,1,2.7%,4.7%,0
30-11-2010,1383.50,2.6,0.13,2.81,-0.21,8755.12,81.1900,84.14,179.1,1.56,2228.573,14.146,221.3,,1403.530118,-56.69991045,36.75,0.00,-20.03,0.302,-0.198,0.40718368,0.203378772,0.6,-0.408035952,-0.204231044,-0.6,0,0,1.9%,-4.1%,0
31-12-2010,1410.25,2.77,0.18,3.30,-0.53,8788.95,81.1900,89.04,165.4,1.72,2247.515,18.942,206.4,,1347.845471,-55.68464689,26.75,0.00,62.40,0.782,0.282,0.40718368,0.203378772,0.6,-0.408035952,-0.204231044,-0.6,1,0,-5.9%,0.1%,1
31-01-2011,1327.00,2.72,0.15,3.42,-0.70,8821.48,77.0700,89.42,142.2,1.93,2174.403,-73.112,160.6,,1314.051576,-33.79389454,-83.25,1.00,12.95,0.497,-0.003,0.40718368,0.203378772,0.6,-0.408035952,-0.204231044,-0.6,0,0,6.3%,8.4%,0
28-02-2011,1411.00,2.63,0.16,3.42,-0.79,8871.375,77.0500,89.58,145.5,2.01,2169.647,-4.755,180.4,,1306.902557,-7.149019292,84.00,0.00,104.10,0.897,0.397,0.40718368,0.203378772,0.6,-0.408035952,-0.204231044,-0.6,1,0,2.0%,8.8%,0
31-03-2011,1439.00,2.75,0.21,3.47,-0.72,8913.025,75.8300,102.94,174.4,2.20,2189.385,19.737,174.8,,1328.99143,22.08887293,28.00,1.00,110.01,0.908,0.408,0.40718368,0.203378772,0.6,-0.408035952,-0.204231044,-0.6,1,0,6.7%,6.8%,0
28-04-2011,1535.50,2.69,0.23,3.32,-0.63,8966.725,73.1400,110.04,157.5,2.31,2249.585,60.201,214.9,,1366.625414,37.63398377,96.50,1.00,168.87,0.965,0.465,0.40718368,0.203378772,0.6,-0.408035952,-0.204231044,-0.6,1,0,0.1%,-2.0%,0
31-05-2011,1536.50,2.5,0.19,3.05,-0.55,9027.2,74.6800,101.33,126.2,2.18,2223.791,-25.794,172.4,,1373.795945,7.170531462,1.00,1.00,162.70,0.96,0.46,0.40718368,0.203378772,0.6,-0.408035952,-0.204231044,-0.6,1,0,-2.0%,6.0%,1
30-06-2011,1505.50,2.83,0.22,3.18,-0.35,9098.475,74.3500,96.29,158.1,1.96,2241.206,17.415,203.2,,1408.326321,34.53037626,-31.00,0.00,97.17,0.885,0.385,0.40718368,0.203378772,0.6,-0.408035952,-0.204231044,-0.6,1,0,8.2%,20.5%,0
31-07-2011,1628.50,2.81,0.16,2.82,-0.01,9261.1,74.2600,97.19,197.9,2.03,2353.084,111.878,235.6,,1498.623892,90.29757082,123.00,1.00,129.88,0.931,0.431,0.40718368,0.203378772,0.6,-0.408035952,-0.204231044,-0.6,1,0,11.4%,-0.5%,0
31-08-2011,1813.50,2.38,0.31,2.23,0.15,9503.44,74.4800,86.33,245.1,1.77,2354.549,1.465,187.7,,1517.636701,19.01280868,185.00,1.00,295.86,1,0.5,0.40718368,0.203378772,0.6,-0.408035952,-0.204231044,-0.6,1,0,-10.7%,-5.0%,1
30-09-2011,1620.00,2,0.35,1.92,0.08,9536.075,78.5500,85.61,204.6,1.62,2351.237,-3.312,150.5,,1482.252701,-35.38400037,-193.50,1.00,137.75,0.948,0.448,0.40718368,0.203378772,0.6,-0.408035952,-0.204231044,-0.6,1,0,6.3%,7.8%,0
31-10-2011,1722.00,2.3,0.42,2.17,0.13,9570.4,77.2600,86.41,159.7,1.69,2379.072,27.835,129.7,,1489.170465,6.917763996,102.00,1.00,232.83,0.994,0.494,0.40718368,0.203378772,0.6,-0.408035952,-0.204231044,-0.6,1,0,1.4%,-11.1%,0
30-11-2011,1746.00,2.34,0.52,2.08,0.26,9611.4,78.3800,97.21,166.3,1.76,2489.599,110.527,161,,1526.365804,37.19533983,24.00,1.00,219.63,0.988,0.488,0.40718368,0.203378772,0.6,-0.408035952,-0.204231044,-0.6,1,0,-12.3%,-0.1%,1
31-12-2011,1531.00,2.33,0.56,1.89,0.44,9637.55,78.3800,98.57,189.4,1.67,2508.584,18.985,130.8,,1550.255861,23.89005662,-215.00,0.00,-19.26,0.308,-0.192,0.40718368,0.203378772,0.6,-0.408035952,-0.204231044,-0.6,0,0,13.9%,15.6%,0
31-01-2012,1744.00,2.34,0.48,1.83,0.51,9727.72,78.9200,100.24,178.3,1.76,2485.129,-23.455,142.2,,1560.368237,10.11237625,213.00,1.00,183.63,0.982,0.482,0.40718368,0.203378772,0.6,-0.408035952,-0.204231044,-0.6,1,0,1.5%,-4.7%,0
29-02-2012,1770.00,2.53,0.4,1.98,0.55,9770.325,78.7900,102.25,149.6,1.94,2506.962,21.833,181,,1588.393053,28.02481552,26.00,1.00,181.61,0.977,0.477,0.40718368,0.203378772,0.6,-0.408035952,-0.204231044,-0.6,1,0,-6.1%,-6.7%,1
31-03-2012,1662.50,2.62,0.4,2.23,0.39,9810.95,79.0000,106.19,137.6,2.05,2526.230,19.267,147.8,,1558.967425,-29.42562763,-107.50,1.00,103.53,0.891,0.391,0.40718368,0.203378772,0.6,-0.408035952,-0.204231044,-0.6,1,0,-0.7%,-6.3%,1
30-04-2012,1651.25,2.44,0.37,1.95,0.49,9868.86,78.8600,103.33,136.6,1.95,2523.688,-2.542,135,,1579.061572,20.0941466,-11.25,0.00,72.19,0.805,0.305,0.40718368,0.203378772,0.6,-0.408035952,-0.204231044,-0.6,1,0,-5.6%,-3.2%,1
31-05-2012,1558.00,2.46,0.4,1.59,0.87,9902.025,82.8900,94.7,158.6,1.88,2488.653,-35.035,115.2,,1626.106789,47.0452172,-93.25,0.00,-68.11,0.114,-0.386,0.40718368,0.203378772,0.6,-0.408035952,-0.204231044,-0.6,0,1,2.6%,4.1%,0
30-06-2012,1598.50,2.54,0.37,1.67,0.87,9961.725,81.6300,82.41,194.6,1.76,2528.516,39.863,122.6,,1626.26569,0.158901159,40.50,1.00,-27.77,0.262,-0.238,0.40718368,0.203378772,0.6,-0.408035952,-0.204231044,-0.6,0,1,1.5%,3.1%,0
31-07-2012,1622.00,2.57,0.33,1.51,1.06,10040.26,83.0600,87.93,184.9,1.77,2515.339,-13.177,113,,1659.039582,32.7738916,23.50,1.00,-37.04,0.217,-0.283,0.40718368,0.203378772,0.6,-0.408035952,-0.204231044,-0.6,0,1,1.6%,9.5%,0
31-08-2012,1648.50,2.55,0.33,1.57,0.98,10110.175,81.2100,94.16,152.4,1.90,2596.233,80.894,130.7,,1674.475772,15.43619055,26.50,1.00,-25.98,0.28,-0.22,0.40718368,0.203378772,0.6,-0.408035952,-0.204231044,-0.6,0,1,7.7%,4.3%,0
30-09-2012,1776.00,2.73,0.26,1.65,1.08,10185,79.8200,94.72,175.3,2.14,2673.021,76.787,203.9,,1734.749418,60.27364549,127.50,1.00,41.25,0.725,0.225,0.40718368,0.203378772,0.6,-0.408035952,-0.204231044,-0.6,1,0,-3.2%,-2.8%,1
31-10-2012,1719.00,2.88,0.2,1.72,1.16,10254.38,80.0500,89.57,165.9,2.18,2718.804,45.784,182,,1764.450858,29.70143983,-57.00,0.00,-45.45,0.177,-0.323,0.40718368,0.203378772,0.6,-0.408035952,-0.204231044,-0.6,0,1,0.4%,-3.2%,0
30-11-2012,1726.00,2.81,0.23,1.62,1.19,10315.15,80.1500,86.66,187.5,2.05,2748.341,29.537,180.8,,1766.2668,1.815942683,7.00,1.00,-40.27,0.194,-0.306,0.40718368,0.203378772,0.6,-0.408035952,-0.204231044,-0.6,0,1,-3.6%,-3.5%,1
31-12-2012,1664.00,2.81,0.26,1.78,1.03,10436.04,79.8400,88.25,192.8,2.10,2759.455,11.113,150.1,,1741.159434,-25.10736588,-62.00,1.00,-77.16,0.102,-0.398,0.40718368,0.203378772,0.6,-0.408035952,-0.204231044,-0.6,0,1,0.0%,-4.5%,0
31-01-2013,1664.75,2.85,0.23,2.02,0.83,10472.475,79.2100,94.69,157.5,2.20,2737.232,-22.223,151.9,,1694.652277,-46.50715765,0.75,0.00,-29.90,0.251,-0.249,0.40718368,0.203378772,0.6,-0.408035952,-0.204231044,-0.6,0,1,-4.6%,-4.0%,1
28-02-2013,1588.50,2.88,0.18,1.89,0.99,10463.575,82.2800,95.32,114.7,2.24,2624.832,-112.400,103.7,,1690.180212,-4.472064654,-76.25,1.00,-101.68,0.074,-0.426,0.40718368,0.203378772,0.6,-0.408035952,-0.204231044,-0.6,0,1,0.6%,-7.5%,0
28-03-2013,1598.25,2.78,0.21,1.87,0.91,10523.4,82.9200,93.05,124.9,2.25,2577.290,-47.541,135.6,,1644.696347,-45.48386473,9.75,0.00,-46.45,0.165,-0.335,0.40718368,0.203378772,0.6,-0.408035952,-0.204231044,-0.6,0,1,-8.1%,-12.7%,1
30-04-2013,1469.00,2.62,0.22,1.70,0.92,10578.32,81.4800,92.07,118.7,2.09,2407.142,-170.149,104.3,,1604.340207,-40.35614054,-129.25,1.00,-135.34,0.051,-0.449,0.40718368,0.203378772,0.6,-0.408035952,-0.204231044,-0.6,0,1,-5.1%,-18.9%,1
31-05-2013,1394.50,2.55,0.24,2.16,0.39,10606.525,83.2600,94.8,104.3,1.98,2266.562,-140.580,80.3,,1469.586528,-134.7536785,-74.50,1.00,-75.09,0.108,-0.392,0.40718368,0.203378772,0.6,-0.408035952,-0.204231044,-0.6,0,1,-14.5%,-5.7%,1
30-06-2013,1192.00,2.22,0.23,2.52,-0.30,10653.325,83.0500,95.8,114.6,1.79,2179.791,-86.770,34.2,,1345.193491,-124.3930374,-202.50,1.00,-153.19,0.022,-0.478,0.40718368,0.203378772,0.6,-0.408035952,-0.204231044,-0.6,0,1,10.3%,17.0%,0
31-07-2013,1314.50,2.57,0.23,2.60,-0.03,10717.28,82.3400,104.67,94.0,1.85,2106.278,-73.514,34.2,,1360.298283,15.10479174,122.50,1.00,-45.80,0.171,-0.329,0.40718368,0.203378772,0.6,-0.408035952,-0.204231044,-0.6,0,1,6.1%,0.9%,0
31-08-2013,1394.75,2.42,0.23,2.78,-0.36,10773.25,82.0900,106.57,102.8,1.85,2082.551,-23.727,78.3,,1312.067734,-48.23054867,80.25,0.00,82.68,0.868,0.368,0.40718368,0.203378772,0.6,-0.408035952,-0.204231044,-0.6,1,0,-4.9%,-5.1%,1
30-09-2013,1326.50,2.64,0.23,2.64,0.00,10829.96,80.1400,106.29,144.4,1.77,2059.298,-23.253,67.1,,1363.619244,51.55150965,-68.25,0.00,-37.12,0.211,-0.289,0.40718368,0.203378772,0.6,-0.408035952,-0.204231044,-0.6,0,1,-0.2%,-5.5%,1
31-10-2013,1324.00,2.6,0.2,2.57,0.03,10944.8,80.7200,100.54,171.0,1.78,2006.821,-52.477,76.7,,1363.986013,0.366769297,-2.50,0.00,-39.99,0.2,-0.3,0.40718368,0.203378772,0.6,-0.408035952,-0.204231044,-0.6,0,1,-5.4%,-9.3%,1
30-11-2013,1253.00,2.61,0.18,2.75,-0.14,10946.8,80.6800,93.86,89.9,1.75,1960.497,-46.324,26.6,,1319.382546,-44.60346672,-71.00,1.00,-66.38,0.12,-0.38,0.40718368,0.203378772,0.6,-0.408035952,-0.204231044,-0.6,0,1,-4.1%,-0.2%,1
31-12-2013,1201.50,2.79,0.18,3.04,-0.25,11010.28,80.6300,97.63,104.6,1.67,1877.886,-82.611,27.3,,1280.523021,-38.85952505,-51.50,1.00,-79.02,0.097,-0.403,0.40718368,0.203378772,0.6,-0.408035952,-0.204231044,-0.6,0,1,4.1%,10.4%,0
31-01-2014,1251.00,2.56,0.22,2.67,-0.11,11059.6,81.3100,94.62,93.5,1.74,1850.511,-27.375,46.6,,1284.569042,4.046020969,49.50,1.00,-33.57,0.228,-0.272,0.40718368,0.203378772,0.6,-0.408035952,-0.204231044,-0.6,0,1,6.0%,3.3%,0
28-02-2014,1326.50,2.55,0.19,2.66,-0.11,11141.6,79.6900,100.82,89.0,1.78,1860.293,9.782,84.6,,1289.591036,5.021993929,75.50,1.00,36.91,0.697,0.197,0.40718368,0.203378772,0.6,-0.408035952,-0.204231044,-0.6,0,0,-2.6%,-2.9%,1
31-03-2014,1291.75,2.56,0.18,2.73,-0.17,11185.68,80.0900,100.8,93.5,1.78,1872.339,12.047,117.3,,1287.07818,-2.512856362,-34.75,1.00,4.67,0.434,-0.066,0.40718368,0.203378772,0.6,-0.408035952,-0.204231044,-0.6,0,0,-0.3%,-3.2%,1
30-04-2014,1288.50,2.4,0.19,2.67,-0.27,11243.8,79.5300,102.07,91.1,1.81,1859.545,-12.795,81.8,,1271.21628,-15.86189965,-3.25,1.00,17.28,0.537,0.037,0.40718368,0.203378772,0.6,-0.408035952,-0.204231044,-0.6,0,0,-2.9%,2.1%,1
31-05-2014,1250.50,2.51,0.19,2.48,0.03,11303.775,80.3700,102.18,90.4,1.93,1850.873,-8.672,73.4,,1313.772094,42.55581408,-38.00,0.00,-63.27,0.131,-0.369,0.40718368,0.203378772,0.6,-0.408035952,-0.204231044,-0.6,0,1,5.2%,2.8%,0
30-06-2014,1315.00,2.52,0.19,2.53,-0.01,11366.74,79.8100,105.79,81.0,1.97,1850.744,-0.128,120.9,,1306.320992,-7.451102166,64.50,0.00,8.68,0.451,-0.049,0.40718368,0.203378772,0.6,-0.408035952,-0.204231044,-0.6,0,0,-2.3%,-2.2%,1
31-07-2014,1285.25,2.61,0.21,2.58,0.03,11425.175,81.3000,103.59,76.6,1.97,1860.159,9.415,146.1,,1315.069966,8.748973861,-29.75,0.00,-29.82,0.257,-0.243,0.40718368,0.203378772,0.6,-0.408035952,-0.204231044,-0.6,0,1,0.0%,-5.3%,0
31-08-2014,1285.75,2.48,0.2,2.35,0.13,11453.025,82.9900,96.54,71.3,1.84,1851.845,-8.313,113.2,,1318.086113,3.016147074,0.50,1.00,-32.34,0.245,-0.255,0.40718368,0.203378772,0.6,-0.408035952,-0.204231044,-0.6,0,1,-5.4%,-9.4%,1
30-09-2014,1216.50,2.38,0.22,2.52,-0.14,11488.7,85.9700,93.21,84.3,1.67,1806.225,-45.621,63.9,,1249.988858,-68.09725504,-69.25,1.00,-33.49,0.234,-0.266,0.40718368,0.203378772,0.6,-0.408035952,-0.204231044,-0.6,0,1,-4.3%,-2.8%,1
31-10-2014,1164.25,2.31,0.22,2.35,-0.04,11550.575,86.9200,84.4,100.2,1.49,1779.284,-26.941,108,,1247.233744,-2.755114366,-52.25,1.00,-82.98,0.091,-0.409,0.40718368,0.203378772,0.6,-0.408035952,-0.204231044,-0.6,0,1,1.6%,3.0%,0
30-11-2014,1182.75,2.19,0.21,2.18,0.01,11577.575,88.3600,75.79,88.6,1.48,1743.565,-35.719,76.2,,1231.081838,-16.15190505,18.50,0.00,-48.33,0.16,-0.34,0.40718368,0.203378772,0.6,-0.408035952,-0.204231044,-0.6,0,1,1.4%,6.6%,0
31-12-2014,1199.25,2.09,0.22,2.17,-0.08,11660.1,91.0800,59.29,85.2,1.27,1725.068,-18.497,110.9,,1203.062879,-28.01895986,16.50,0.00,-3.81,0.382,-0.118,0.40718368,0.203378772,0.6,-0.408035952,-0.204231044,-0.6,0,0,5.1%,1.2%,0
31-01-2015,1260.25,2.01,0.23,1.68,0.33,11713.1,94.8000,47.22,117.2,1.20,1778.371,53.303,188.9,,1248.360448,45.29756923,61.00,1.00,11.89,0.48,-0.02,0.40718368,0.203378772,0.6,-0.408035952,-0.204231044,-0.6,0,0,-3.7%,-5.8%,1
28-02-2015,1214.00,2.17,0.24,2.00,0.17,11840.75,95.3200,50.58,100.3,1.36,1798.802,20.431,126.2,,1219.062072,-29.29837541,-46.25,1.00,-5.06,0.365,-0.135,0.40718368,0.203378772,0.6,-0.408035952,-0.204231044,-0.6,0,0,-2.2%,-2.8%,1
31-03-2015,1187.00,2.01,0.24,1.94,0.07,11870.08,98.1900,47.82,105.2,1.48,1747.017,-51.785,54.3,,1173.053785,-46.00828738,-27.00,1.00,13.95,0.514,0.014,0.40718368,0.203378772,0.6,-0.408035952,-0.204231044,-0.6,0,0,-0.6%,0.4%,1
30-04-2015,1180.25,2.16,0.27,2.05,0.11,11916.4,95.3000,54.45,109.6,1.61,1753.531,6.514,101.2,,1184.838962,11.78517712,-6.75,0.00,-4.59,0.377,-0.123,0.40718368,0.203378772,0.6,-0.408035952,-0.204231044,-0.6,0,0,0.9%,-0.8%,0
31-05-2015,1191.40,2.03,0.27,2.12,-0.09,11939.05,97.3900,59.27,101.0,1.64,1732.161,-21.369,104.7,,1165.978109,-18.860853,11.15,0.00,25.42,0.6,0.1,0.40718368,0.203378772,0.6,-0.408035952,-0.204231044,-0.6,0,0,-1.7%,-7.8%,1
30-06-2015,1171.00,2.13,0.27,2.35,-0.22,11990.68,96.3100,59.82,109.0,1.63,1727.134,-5.027,95.1,,1144.398023,-21.58008665,-20.40,1.00,26.60,0.622,0.122,0.40718368,0.203378772,0.6,-0.408035952,-0.204231044,-0.6,0,0,-6.2%,-3.1%,1
31-07-2015,1098.40,2.12,0.23,2.20,-0.08,12046.65,97.3400,50.9,98.9,1.49,1652.875,-74.259,28.3,,1131.153583,-13.24443922,-72.60,1.00,-32.75,0.24,-0.26,0.40718368,0.203378772,0.6,-0.408035952,-0.204231044,-0.6,0,1,3.3%,1.4%,0
29-08-2015,1135.00,2,0.27,2.21,-0.21,12091.78,95.4500,42.87,129.7,1.23,1658.388,5.513,70.7,,1113.019944,-18.13363975,36.60,0.00,21.98,0.577,0.077,0.40718368,0.203378772,0.6,-0.408035952,-0.204231044,-0.6,0,0,-1.9%,0.6%,1
30-09-2015,1114.00,1.75,0.34,2.06,-0.31,12153.25,96.1900,45.48,138.7,1.16,1662.036,3.648,61.1,,1099.218194,-13.80174938,-21.00,1.00,14.78,0.52,0.02,0.40718368,0.203378772,0.6,-0.408035952,-0.204231044,-0.6,0,0,2.5%,-4.7%,0
31-10-2015,1142.35,1.86,0.25,2.16,-0.30,12169.6,96.9500,46.22,102.9,1.18,1670.720,8.683,157.4,,1109.571299,10.35310515,28.35,1.00,32.78,0.668,0.168,0.40718368,0.203378772,0.6,-0.408035952,-0.204231044,-0.6,0,0,-7.0%,-7.0%,1
30-11-2015,1061.90,1.88,0.2,2.21,-0.33,12271.78,100.1700,42.44,92.1,1.27,1622.563,-48.156,34.4,,1077.921389,-31.64990993,-80.45,1.00,-16.02,0.325,-0.175,0.40718368,0.203378772,0.6,-0.408035952,-0.204231044,-0.6,0,0,0.0%,4.7%,0
31-12-2015,1062.25,1.77,0.45,2.27,-0.50,12328.575,100.1700,37.19,99.3,1.24,1595.720,-26.843,26.4,,1039.441339,-38.48005013,0.35,0.00,22.81,0.588,0.088,0.40718368,0.203378772,0.6,-0.408035952,-0.204231044,-0.6,0,0,4.7%,16.3%,0
31-01-2016,1111.80,1.63,0.29,1.94,-0.31,12432.7,99.0100,31.68,119.0,1.19,1651.383,55.663,59,,1074.124817,34.68347729,49.55,1.00,37.68,0.708,0.208,0.40718368,0.203378772,0.6,-0.408035952,-0.204231044,-0.6,1,0,11.1%,11.3%,0
29-02-2016,1234.90,1.61,0.3,1.74,-0.13,12531.48,98.3500,30.32,114.6,1.08,1856.687,205.303,145,,1160.363172,86.23835533,123.10,1.00,74.54,0.817,0.317,0.40718368,0.203378772,0.6,-0.408035952,-0.204231044,-0.6,1,0,0.2%,4.1%,0
31-03-2016,1237.00,1.75,0.42,1.78,-0.03,12593.1,94.6200,37.55,104.2,1.41,1936.784,80.098,178.8,,1199.060727,38.69755554,2.10,1.00,37.94,0.72,0.22,0.40718368,0.203378772,0.6,-0.408035952,-0.204231044,-0.6,1,0,3.9%,-2.0%,0
30-04-2016,1285.65,1.82,0.42,1.83,-0.01,12672.8,93.0800,40.75,84.3,1.48,1944.873,8.089,220.9,,1218.961626,19.90089847,48.65,1.00,66.69,0.788,0.288,0.40718368,0.203378772,0.6,-0.408035952,-0.204231044,-0.6,1,0,-5.7%,2.7%,1
31-05-2016,1212.10,1.61,0.35,1.84,-0.23,12753.3,95.4500,46.71,82.0,1.52,2042.096,97.222,206.6,,1212.222026,-6.739600194,-73.55,1.00,-0.12,0.428,-0.072,0.40718368,0.203378772,0.6,-0.408035952,-0.204231044,-0.6,0,0,9.0%,10.7%,0
30-06-2016,1320.75,1.42,0.39,1.49,-0.07,12820.2,95.6500,48.76,162.6,1.44,2174.815,132.719,292.7,,1263.265144,51.0431179,108.65,1.00,57.48,0.754,0.254,0.40718368,0.203378772,0.6,-0.408035952,-0.204231044,-0.6,1,0,1.6%,-0.9%,0
31-07-2016,1342.00,1.67,0.49,1.46,0.21,12868.25,95.7100,44.65,122.0,1.39,2256.175,81.360,279,,1304.968887,41.70374342,21.25,1.00,37.03,0.702,0.202,0.40718368,0.203378772,0.6,-0.408035952,-0.204231044,-0.6,0,0,-2.4%,-1.5%,1
31-08-2016,1309.25,1.67,0.51,1.58,0.09,12960.62,95.6500,44.72,91.8,1.30,2280.323,24.148,294.6,,1299.803551,-5.165335803,-32.75,1.00,9.45,0.457,-0.043,0.40718368,0.203378772,0.6,-0.408035952,-0.204231044,-0.6,0,0,1.0%,-2.8%,0
30-09-2016,1322.50,1.75,0.57,1.60,0.15,13026.925,95.4600,45.18,79.8,1.35,2321.235,40.912,256.2,,1312.696585,12.89303359,13.25,1.00,9.80,0.462,-0.038,0.40718368,0.203378772,0.6,-0.408035952,-0.204231044,-0.6,0,0,-3.8%,-10.9%,1
31-10-2016,1272.00,1.87,0.54,1.84,0.03,13092.82,97.7000,49.78,92.5,1.53,2345.902,24.667,197,,1286.55581,-26.1407751,-50.50,1.00,-14.56,0.331,-0.169,0.40718368,0.203378772,0.6,-0.408035952,-0.204231044,-0.6,0,0,-7.4%,-8.9%,1
30-11-2016,1178.10,2.11,0.45,2.37,-0.26,13168.2,101.5000,45.66,169.4,1.67,2230.208,-115.694,167.1,,1212.89543,-73.66037935,-93.90,1.00,-34.80,0.222,-0.278,0.40718368,0.203378772,0.6,-0.408035952,-0.204231044,-0.6,0,1,-1.6%,2.9%,1
31-12-2016,1159.10,2.06,0.5,2.45,-0.39,13195.525,101.5000,51.97,115.2,1.81,2136.962,-93.246,98.3,,1161.673621,-51.22180909,-19.00,1.00,-2.57,0.4,-0.1,0.40718368,0.203378772,0.6,-0.408035952,-0.204231044,-0.6,0,0,4.6%,8.3%,0
31-01-2017,1212.80,2.16,0.51,2.45,-0.29,13265.56,99.6400,52.5,134.9,1.89,2155.750,18.788,109.4,,1184.122373,22.44875169,53.70,1.00,28.68,0.64,0.14,0.40718368,0.203378772,0.6,-0.408035952,-0.204231044,-0.6,0,0,3.5%,2.6%,0
28-02-2017,1255.60,2.15,0.53,2.36,-0.21,13339.05,101.7800,53.47,133.3,1.89,2245.851,90.101,123.8,,1217.677166,33.55479307,42.80,1.00,37.92,0.714,0.214,0.40718368,0.203378772,0.6,-0.408035952,-0.204231044,-0.6,1,0,-0.9%,0.9%,1
31-03-2017,1244.85,2.17,0.4,2.40,-0.23,13408.3,100.3500,49.33,119.8,1.83,2246.799,0.949,116.3,,1216.828115,-0.849051035,-10.75,1.00,28.02,0.634,0.134,0.40718368,0.203378772,0.6,-0.408035952,-0.204231044,-0.6,0,0,1.7%,1.7%,0
30-04-2017,1266.45,2.03,0.38,2.29,-0.26,13460.825,98.9800,51.06,121.6,1.74,2270.069,23.270,200.7,,1222.188671,5.360556008,21.60,1.00,44.26,0.731,0.231,0.40718368,0.203378772,0.6,-0.408035952,-0.204231044,-0.6,1,0,0.0%,-1.9%,1
31-05-2017,1266.20,1.9,0.25,2.21,-0.31,13527.18,97.2000,48.48,104.2,1.75,2281.644,11.575,159.8,,1229.899436,7.710764924,-0.25,0.00,36.30,0.691,0.191,0.40718368,0.203378772,0.6,-0.408035952,-0.204231044,-0.6,0,0,-1.9%,0.1%,1
30-06-2017,1242.25,1.83,0.29,2.31,-0.48,13556.725,95.6300,45.18,98.8,1.63,2309.985,28.341,150.7,,1221.012675,-8.886761018,-23.95,1.00,21.24,0.565,0.065,0.40718368,0.203378772,0.6,-0.408035952,-0.204231044,-0.6,0,0,2.0%,5.6%,0
31-07-2017,1267.55,1.97,0.26,2.30,-0.33,13611.78,93.0400,46.63,110.8,1.64,2259.751,-50.234,90.8,,1249.911853,28.89917838,25.30,1.00,17.64,0.548,0.048,0.40718368,0.203378772,0.6,-0.408035952,-0.204231044,-0.6,0,0,3.5%,1.2%,0
31-08-2017,1311.75,1.94,0.33,2.12,-0.18,13671.8,92.8100,48.04,109.2,1.62,2296.847,37.096,208.4,,1286.002118,36.09026448,44.20,1.00,25.75,0.611,0.111,0.40718368,0.203378772,0.6,-0.408035952,-0.204231044,-0.6,0,0,-2.2%,-3.2%,1
30-09-2017,1283.10,2,0.29,2.33,-0.33,13708.05,93.0800,49.82,96.8,1.68,2341.652,44.805,212.6,,1284.906337,-1.09578033,-28.65,1.00,-1.81,0.405,-0.095,0.40718368,0.203378772,0.6,-0.408035952,-0.204231044,-0.6,0,0,-1.0%,-0.2%,1
31-10-2017,1270.15,1.97,0.25,2.38,-0.41,13765.6,94.8100,51.58,102.2,1.73,2344.775,3.122,191.4,,1263.358797,-21.54754078,-12.95,1.00,6.79,0.445,-0.055,0.40718368,0.203378772,0.6,-0.408035952,-0.204231044,-0.6,0,0,0.8%,2.1%,0
30-11-2017,1280.20,1.99,0.24,2.42,-0.43,13792.225,93.0500,56.64,94.5,1.75,2357.679,12.904,201.8,,1259.952181,-3.406616058,10.05,0.00,20.25,0.56,0.06,0.40718368,0.203378772,0.6,-0.408035952,-0.204231044,-0.6,0,0,1.3%,5.1%,0
31-12-2017,1296.50,2.06,0.32,2.40,-0.34,13832.675,91.8700,57.88,111.5,1.76,2408.202,50.524,135.9,,1282.85068,22.89849932,16.30,1.00,13.65,0.508,0.008,0.40718368,0.203378772,0.6,-0.408035952,-0.204231044,-0.6,0,0,3.7%,1.6%,0
31-01-2018,1345.05,2.24,0.34,2.72,-0.48,13852.94,88.6700,63.7,123.7,1.93,2437.297,29.095,214.7,,1286.981838,4.13115782,48.55,1.00,58.07,0.76,0.26,0.40718368,0.203378772,0.6,-0.408035952,-0.204231044,-0.6,1,0,-2.0%,-1.6%,1
28-02-2018,1317.85,2.2,0.39,2.87,-0.67,13888.975,90.3200,62.23,94.0,1.97,2430.650,-6.647,190.9,,1260.551927,-26.42991065,-27.20,1.00,57.30,0.748,0.248,0.40718368,0.203378772,0.6,-0.408035952,-0.204231044,-0.6,1,0,0.5%,-0.4%,0
29-03-2018,1323.85,2.18,0.61,2.74,-0.56,13946.775,90.1400,62.73,136.3,2.02,2436.974,6.323,148.7,,1262.841635,2.289708061,6.00,1.00,61.01,0.777,0.277,0.40718368,0.203378772,0.6,-0.408035952,-0.204231044,-0.6,1,0,-0.8%,-1.4%,1
30-04-2018,1313.20,2.24,0.52,2.95,-0.71,13987.7,92.4500,66.25,108.2,2.05,2508.078,71.105,136.6,,1259.194678,-3.646957423,-10.65,1.00,54.01,0.737,0.237,0.40718368,0.203378772,0.6,-0.408035952,-0.204231044,-0.6,1,0,-0.6%,-4.8%,1
31-05-2018,1305.35,2.11,0.43,2.83,-0.72,14050.675,94.1900,69.98,124.9,2.10,2522.481,14.402,91,,1246.276372,-12.91830527,-7.85,1.00,59.07,0.765,0.265,0.40718368,0.203378772,0.6,-0.408035952,-0.204231044,-0.6,1,0,-4.2%,-6.5%,1
30-06-2018,1250.45,2.16,0.45,2.85,-0.69,14113.225,94.6400,67.87,108.6,2.07,2471.209,-51.272,76.7,,1231.589573,-14.68679952,-54.90,1.00,18.86,0.554,0.054,0.40718368,0.203378772,0.6,-0.408035952,-0.204231044,-0.6,0,0,-2.4%,-3.8%,1
31-07-2018,1220.95,2.24,0.36,2.96,-0.72,14151.36,94.6200,70.98,133.1,2.04,2434.235,-36.974,48.6,,1222.085634,-9.503938974,-29.50,1.00,-1.14,0.411,-0.089,0.40718368,0.203378772,0.6,-0.408035952,-0.204231044,-0.6,0,0,-1.5%,-2.8%,1
31-08-2018,1202.45,2.18,0.25,2.86,-0.68,14191.075,95.1400,68.06,99.1,1.98,2391.852,-42.383,-8.7,,1221.071867,-1.013767326,-18.50,1.00,-18.62,0.314,-0.186,0.40718368,0.203378772,0.6,-0.408035952,-0.204231044,-0.6,0,0,-1.3%,1.0%,1
30-09-2018,1187.25,2.25,0.25,3.05,-0.80,14224.675,95.3000,70.23,102.7,2.00,2370.542,-21.309,-17.6,,1204.102355,-16.96951194,-15.20,1.00,-16.85,0.32,-0.18,0.40718368,0.203378772,0.6,-0.408035952,-0.204231044,-0.6,0,0,2.3%,2.6%,0
31-10-2018,1214.95,2.2,0.27,3.15,-0.95,14237.88,96.2800,70.75,111.5,1.99,2386.162,15.620,29.4,,1180.389632,-23.71272282,27.70,0.00,34.56,0.674,0.174,0.40718368,0.203378772,0.6,-0.408035952,-0.204231044,-0.6,0,0,0.2%,5.5%,0
30-11-2018,1217.55,2.17,0.42,3.01,-0.84,14235.8,97.2700,56.96,130.2,1.85,2403.215,17.053,8.9,,1185.033219,4.643586978,2.60,1.00,32.52,0.662,0.162,0.40718368,0.203378772,0.6,-0.408035952,-0.204231044,-0.6,0,0,5.3%,8.7%,0
31-12-2018,1281.65,1.91,0.41,2.69,-0.78,14346.04,96.8200,49.52,166.3,1.60,2482.921,79.706,76,,1205.324033,20.29081433,64.10,1.00,76.33,0.834,0.334,0.40718368,0.203378772,0.6,-0.408035952,-0.204231044,-0.6,1,0,3.2%,2.9%,0
31-01-2019,1323.25,2,0.38,2.63,-0.63,14432.175,95.5800,51.38,201.0,1.63,2556.653,73.733,76,,1248.22623,42.90219637,41.60,1.00,75.02,0.828,0.328,0.40718368,0.203378772,0.6,-0.408035952,-0.204231044,-0.6,1,0,-0.3%,-2.1%,1
28-02-2019,1319.15,2.06,0.22,2.73,-0.67,14461.075,96.5300,54.95,106.9,1.76,2522.882,-33.772,109.1,,1242.11065,-6.115579552,-4.10,1.00,77.04,0.845,0.345,0.40718368,0.203378772,0.6,-0.408035952,-0.204231044,-0.6,1,0,-1.8%,-2.8%,1
31-03-2019,1295.40,1.98,0.25,2.41,-0.43,14501.075,97.2300,58.15,140.2,1.82,2525.837,2.955,119.7,,1271.719587,29.60893744,-23.75,0.00,23.68,0.594,0.094,0.40718368,0.203378772,0.6,-0.408035952,-0.204231044,-0.6,0,0,-1.0%,0.0%,1
30-04-2019,1282.30,2.05,0.2,2.51,-0.46,14555.84,97.6900,63.86,98.7,1.84,2467.227,-58.611,37.4,,1255.229673,-16.48991423,-13.10,1.00,27.07,0.628,0.128,0.40718368,0.203378772,0.6,-0.408035952,-0.204231044,-0.6,0,0,1.0%,9.9%,0
31-05-2019,1295.55,1.9,0.2,2.14,-0.24,14642.125,97.7500,60.83,122.5,1.71,2469.763,2.536,88.8,,1284.342697,29.11302343,13.25,1.00,11.21,0.468,-0.032,0.40718368,0.203378772,0.6,-0.408035952,-0.204231044,-0.6,0,0,8.8%,10.2%,0
30-06-2019,1409.00,1.85,0.24,2.00,-0.15,14764.075,96.8400,54.66,150.1,1.55,2601.933,132.169,236.6,,1328.895789,44.55309214,113.45,1.00,80.10,0.862,0.362,0.40718368,0.203378772,0.6,-0.408035952,-0.204231044,-0.6,1,0,1.3%,8.5%,0
31-07-2019,1427.55,1.96,0.23,2.02,-0.06,14853.54,98.3700,57.35,150.0,1.58,2655.990,54.057,251.2,,1352.776567,23.88077795,18.55,1.00,74.77,0.822,0.322,0.40718368,0.203378772,0.6,-0.408035952,-0.204231044,-0.6,1,0,7.1%,4.0%,0
31-08-2019,1528.40,1.75,0.19,1.50,0.25,14925.45,98.9200,54.81,190.5,1.38,2786.242,130.252,296.8,,1423.211722,70.43515474,100.85,1.00,105.19,0.902,0.402,0.40718368,0.203378772,0.6,-0.408035952,-0.204231044,-0.6,1,0,-2.8%,-1.1%,1
30-09-2019,1485.30,1.71,0.25,1.68,0.03,15015.66,99.1300,56.95,134.4,1.39,2861.113,74.871,312.4,,1396.427631,-26.78409053,-43.10,1.00,88.87,0.874,0.374,0.40718368,0.203378772,0.6,-0.408035952,-0.204231044,-0.6,1,0,1.7%,-1.7%,0
31-10-2019,1510.95,1.64,0.39,1.69,-0.05,15143.1,97.2400,53.96,118.5,1.40,2903.124,42.012,259.1,,1387.81853,-8.609100848,25.65,0.00,123.13,0.92,0.42,0.40718368,0.203378772,0.6,-0.408035952,-0.204231044,-0.6,1,0,-3.4%,0.8%,1
30-11-2019,1460.15,1.72,0.35,1.78,-0.06,15241.65,98.2700,57.03,131.8,1.55,2873.787,-29.337,285.9,,1383.024106,-4.794424552,-50.80,1.00,77.13,0.851,0.351,0.40718368,0.203378772,0.6,-0.408035952,-0.204231044,-0.6,1,0,4.3%,8.5%,0
29-12-2019,1523.00,1.86,0.4,1.92,-0.06,15303.7,96.8500,59.88,143.5,1.62,2886.537,12.750,286.3,,1387.860484,4.836378517,62.85,1.00,135.14,0.942,0.442,0.40718368,0.203378772,0.6,-0.408035952,-0.204231044,-0.6,1,0,4.0%,5.7%,0
31-01-2020,1584.20,1.7,0.23,1.51,0.19,15394.45,97.3900,57.52,131.4,1.65,2948.516,61.980,317.7,,1449.187849,61.32736452,61.20,1.00,135.01,0.937,0.437,0.40718368,0.203378772,0.6,-0.408035952,-0.204231044,-0.6,1,0,1.6%,1.6%,0
29-02-2020,1609.85,1.49,0.21,1.13,0.36,15434.4,98.1300,50.54,160.5,1.58,3033.645,85.129,335.9,,1482.608946,33.42109769,25.65,1.00,127.24,0.925,0.425,0.40718368,0.203378772,0.6,-0.408035952,-0.204231044,-0.6,1,0,-0.1%,5.8%,1
31-03-2020,1608.95,1.25,1.34,0.70,0.55,15898.04,99.6700,29.21,283.1,0.67,3186.125,152.481,288.4,,1469.212971,-13.39597579,-0.90,1.00,139.74,0.954,0.454,0.40718368,0.203378772,0.6,-0.408035952,-0.204231044,-0.6,1,0,5.8%,7.4%,0
30-04-2020,1702.75,1.42,0.47,0.64,0.78,16948.8,99.0800,16.55,268.6,0.76,3363.792,177.666,249.6,,1583.105794,113.8928237,93.80,1.00,119.64,0.914,0.414,0.40718368,0.203378772,0.6,-0.408035952,-0.204231044,-0.6,1,0,1.5%,3.8%,0
31-05-2020,1728.70,1.47,0.2,0.65,0.82,17816.9,97.8300,28.56,350.5,0.77,3515.977,152.185,237.9,,1637.419281,54.31348661,25.95,1.00,91.28,0.88,0.38,0.40718368,0.203378772,0.6,-0.408035952,-0.204231044,-0.6,1,0,2.3%,13.7%,0
30-06-2020,1768.10,1.52,0.14,0.66,0.86,18129.22,97.2000,38.31,231.4,1.01,3618.707,102.730,252,,1691.606735,54.18745381,39.40,1.00,76.49,0.84,0.34,0.40718368,0.203378772,0.6,-0.408035952,-0.204231044,-0.6,1,0,11.1%,10.7%,0
31-07-2020,1964.90,1.7,0.16,0.55,1.15,18329.525,93.3500,40.71,295.3,1.31,3785.021,166.314,266.4,,1790.657922,99.05118691,196.80,1.00,174.24,0.971,0.471,0.40718368,0.203378772,0.6,-0.408035952,-0.204231044,-0.6,1,0,-0.4%,,1
31-08-2020,1957.00,1.87,0.14,0.68,1.19,18386.1,92.338,42.62,220.8,,3808.800,23.779,220.8,,1965,174.3420785,-7.90,0.00,-8.00,0.36,-0.14,0.40718368,0.203378772,0.6,-0.408035952,-0.204231044,-0.6,0,0,,,
,,,,,,,,,,,,,,,,,,,,,,,,,,,,,,,,
,,,,,,,,,,,,,,,,,,,,,,,,,,,,,,,,
,,,,,,,,,,,,,,,,,,,,,,,,,,,,,,,,
,,,,,,,,,,,,,,,,,,88.2%,,,,,,,,,,,,,,
